{
  "minecraft:recipes/misc/charcoal": {
    "criteria": {
      "has_log": "2023-04-18 09:16:58 +0800"
    },
    "done": true
  },
  "minecraft:recipes/building_blocks/acacia_wood": {
    "criteria": {
      "has_log": "2023-04-18 09:16:58 +0800"
    },
    "done": true
  },
  "minecraft:recipes/building_blocks/acacia_planks": {
    "criteria": {
      "has_log": "2023-04-18 09:16:58 +0800"
    },
    "done": true
  },
  "minecraft:adventure/adventuring_time": {
    "criteria": {
      "minecraft:savanna": "2023-04-18 09:14:48 +0800"
    },
    "done": false
  },
  "DataVersion": 2975
}