{"stats":{"minecraft:used":{"minecraft:peony":5,"minecraft:moss_block":7,"minecraft:moss_carpet":8,"minecraft:light_blue_stained_glass_pane":14,"minecraft:nether_brick_fence":36,"minecraft:blue_terracotta":20,"minecraft:jack_o_lantern":27,"minecraft:writable_book":60,"minecraft:smooth_quartz_slab":518,"minecraft:dispenser":1,"minecraft:polished_blackstone":3,"minecraft:carrot_on_a_stick":87,"minecraft:ladder":56,"minecraft:bone_block":64,"minecraft:oak_sign":369,"minecraft:axolotl_spawn_egg":1,"minecraft:chest":62,"minecraft:white_terracotta":3,"minecraft:brown_concrete":2,"minecraft:stone":2200,"minecraft:zombie_spawn_egg":46,"minecraft:bell":6,"minecraft:quartz_stairs":20,"minecraft:grass":10,"minecraft:player_head":68,"minecraft:sculk_sensor":20,"minecraft:soul_campfire":2,"minecraft:debug_stick":80,"minecraft:soul_sand":273,"minecraft:skeleton_spawn_egg":4,"minecraft:blue_stained_glass":41,"minecraft:nether_bricks":407,"minecraft:acacia_sapling":17,"minecraft:snowball":545,"minecraft:weeping_vines":3,"minecraft:obsidian":174,"minecraft:big_dripleaf":49,"minecraft:glass":659,"minecraft:waxed_oxidized_copper":6,"minecraft:honey_block":104,"minecraft:lava_bucket":136,"minecraft:coal_ore":7,"minecraft:lime_banner":1,"minecraft:quartz_pillar":7,"minecraft:warped_hyphae":16,"minecraft:quartz_slab":11,"minecraft:grass_block":629,"minecraft:lantern":13,"minecraft:deepslate_copper_ore":1,"minecraft:quartz_block":47,"minecraft:copper_ore":13,"minecraft:warped_nylium":92,"minecraft:raw_gold_block":6,"minecraft:pink_wool":59,"minecraft:stone_brick_stairs":19,"minecraft:stone_bricks":75,"minecraft:item_frame":9,"minecraft:bedrock":255,"minecraft:deepslate_diamond_ore":64,"minecraft:repeater":572,"minecraft:redstone_lamp":18,"minecraft:honeycomb_block":89,"minecraft:magma_block":51,"minecraft:bow":102,"minecraft:warped_fungus":3,"minecraft:hay_block":38,"minecraft:written_book":4,"minecraft:scaffolding":33,"minecraft:furnace":3,"minecraft:yellow_glazed_terracotta":1,"minecraft:oak_sapling":4,"minecraft:gold_block":175,"minecraft:skeleton_skull":7,"minecraft:light_blue_carpet":7,"minecraft:end_rod":3,"minecraft:emerald_ore":8,"minecraft:waxed_oxidized_cut_copper_slab":24,"minecraft:mossy_stone_bricks":13,"minecraft:ink_sac":1,"minecraft:damaged_anvil":17,"minecraft:spruce_door":6,"minecraft:wither_skeleton_skull":5,"minecraft:infested_stone":7,"minecraft:powered_rail":2,"minecraft:jungle_fence":2,"minecraft:oak_planks":121,"minecraft:mossy_stone_brick_stairs":15,"minecraft:redstone_block":92,"minecraft:composter":10,"minecraft:structure_void":11,"minecraft:clay":50,"minecraft:purpur_pillar":7,"minecraft:smooth_quartz_stairs":7,"minecraft:oak_leaves":33,"minecraft:white_wool":247,"minecraft:glow_berries":71,"minecraft:blue_dye":1,"minecraft:sand":123,"minecraft:purpur_stairs":8,"minecraft:light_blue_concrete":15,"minecraft:light_blue_wool":119,"minecraft:yellow_concrete":20,"minecraft:deepslate_redstone_ore":2,"minecraft:blue_ice":58,"minecraft:gray_concrete":22,"minecraft:note_block":1,"minecraft:dripstone_block":18,"minecraft:lingering_potion":1,"minecraft:deepslate_lapis_ore":2,"minecraft:shears":12,"minecraft:end_stone":346,"minecraft:lightning_rod":9,"minecraft:redstone_torch":13,"minecraft:sticky_piston":237,"minecraft:black_terracotta":2,"minecraft:blue_glazed_terracotta":34,"minecraft:lever":87,"minecraft:green_concrete":2,"minecraft:black_concrete":94,"minecraft:firework_rocket":163,"minecraft:daylight_detector":1,"minecraft:crying_obsidian":9,"minecraft:heavy_weighted_pressure_plate":2,"minecraft:light_gray_concrete":9,"minecraft:deepslate_iron_ore":33,"minecraft:barrier":1205,"minecraft:string":8,"minecraft:warped_slab":4,"minecraft:stone_button":184,"minecraft:lectern":37,"minecraft:spore_blossom":2,"minecraft:oak_pressure_plate":15,"minecraft:diamond_ore":6,"minecraft:iron_door":51,"minecraft:deepslate":46,"minecraft:flowering_azalea_leaves":11,"minecraft:lilac":5,"minecraft:soul_lantern":7,"minecraft:blue_candle":14,"minecraft:nether_wart_block":3,"minecraft:fire_charge":13,"minecraft:white_stained_glass":217,"minecraft:waxed_oxidized_cut_copper_stairs":1,"minecraft:chain":17,"minecraft:pink_stained_glass":36,"minecraft:smooth_stone_slab":24,"minecraft:white_concrete":309,"minecraft:coarse_dirt":23,"minecraft:bone_meal":112,"minecraft:cobweb":106,"minecraft:experience_bottle":18,"minecraft:oak_fence":90,"minecraft:oak_trapdoor":16,"minecraft:purpur_block":70,"minecraft:netherite_sword":20,"minecraft:iron_bars":12,"minecraft:rose_bush":2,"minecraft:enchanting_table":8,"minecraft:waxed_weathered_copper":4,"minecraft:dead_bush":3,"minecraft:orange_concrete":31,"minecraft:flint_and_steel":16,"minecraft:red_concrete":250,"minecraft:redstone":195,"minecraft:mycelium":192,"minecraft:tinted_glass":210,"minecraft:deepslate_gold_ore":42,"minecraft:wooden_shovel":1,"minecraft:structure_block":6,"minecraft:netherrack":355,"minecraft:oak_door":2,"minecraft:torch":49,"minecraft:dragon_egg":3,"minecraft:anvil":57,"minecraft:dirt":755,"minecraft:ancient_debris":15,"minecraft:target":3,"minecraft:light_blue_dye":1,"minecraft:nether_quartz_ore":307,"minecraft:twisting_vines":35,"minecraft:cobblestone_wall":13,"minecraft:stone_stairs":63,"minecraft:shulker_box":20,"minecraft:bee_nest":3,"minecraft:raw_iron_block":102,"minecraft:glow_lichen":14,"minecraft:light_blue_stained_glass":31,"minecraft:blue_concrete":47,"minecraft:oak_fence_gate":33,"minecraft:small_dripleaf":34,"minecraft:andesite_wall":9,"minecraft:purple_stained_glass_pane":13,"minecraft:stone_brick_slab":24,"minecraft:flowering_azalea":1,"minecraft:sea_lantern":2509,"minecraft:light_gray_stained_glass":48,"minecraft:bookshelf":130,"minecraft:iron_block":97,"minecraft:light_weighted_pressure_plate":3,"minecraft:oak_stairs":79,"minecraft:rooted_dirt":17,"minecraft:slime_block":161,"minecraft:warped_fence":11,"minecraft:red_candle":22,"minecraft:smooth_quartz":22106,"minecraft:lime_dye":1,"minecraft:pink_stained_glass_pane":29,"minecraft:barrel":13,"minecraft:bamboo":6,"minecraft:raw_copper_block":1,"minecraft:basalt":124,"minecraft:tripwire_hook":3,"minecraft:purple_concrete":2,"minecraft:glowstone":194,"minecraft:lime_concrete":169,"minecraft:waxed_cut_copper_slab":2,"minecraft:black_stained_glass":284,"minecraft:emerald_block":396,"minecraft:iron_trapdoor":8,"minecraft:soul_soil":95,"minecraft:lime_stained_glass":10,"minecraft:podzol":92,"minecraft:minecart":2,"minecraft:netherite_pickaxe":201,"minecraft:infested_cobblestone":3,"minecraft:stone_pressure_plate":246,"minecraft:red_dye":4,"minecraft:powder_snow_bucket":73,"minecraft:pointed_dripstone":52,"minecraft:deepslate_emerald_ore":68,"minecraft:calcite":12,"minecraft:quartz_bricks":67,"minecraft:water_bucket":106,"minecraft:amethyst_block":389,"minecraft:iron_ore":12,"minecraft:cobblestone_stairs":1,"minecraft:light_blue_glazed_terracotta":860,"minecraft:dirt_path":21,"minecraft:snow_block":438,"minecraft:lime_wool":2,"minecraft:blue_wool":45,"minecraft:copper_block":2,"minecraft:white_dye":1,"minecraft:glow_ink_sac":22,"minecraft:red_glazed_terracotta":9,"minecraft:beacon":2,"minecraft:vindicator_spawn_egg":7,"minecraft:cobblestone_slab":2,"minecraft:gold_ore":1,"minecraft:cracked_stone_bricks":17,"minecraft:waxed_copper_block":66,"minecraft:polished_blackstone_bricks":8,"minecraft:gilded_blackstone":7,"minecraft:pink_concrete":3,"minecraft:polished_blackstone_pressure_plate":2,"minecraft:mossy_cobblestone":37,"minecraft:diamond_block":371,"minecraft:rail":4,"minecraft:comparator":7,"minecraft:crafting_table":3,"minecraft:red_bed":3,"minecraft:red_mushroom":1,"minecraft:campfire":3,"minecraft:white_bed":1,"minecraft:lime_shulker_box":1,"minecraft:painting":70,"minecraft:cake":50,"minecraft:warped_planks":9,"minecraft:nether_gold_ore":42,"minecraft:flower_pot":3,"minecraft:netherite_block":846,"minecraft:yellow_dye":3,"minecraft:oak_log":34,"minecraft:purple_stained_glass":7,"minecraft:amethyst_cluster":1,"minecraft:blue_stained_glass_pane":2,"minecraft:light":13,"minecraft:piston":44,"minecraft:ender_eye":13,"minecraft:diamond_pickaxe":24,"minecraft:black_wool":4,"minecraft:dead_fire_coral":1,"minecraft:command_block":591,"minecraft:cracked_polished_blackstone_bricks":24,"minecraft:sunflower":10,"minecraft:oak_button":27,"minecraft:pig_spawn_egg":2,"minecraft:map":1,"minecraft:spruce_pressure_plate":1,"minecraft:magenta_concrete":10,"minecraft:stone_slab":28,"minecraft:purpur_slab":9,"minecraft:spruce_trapdoor":12,"minecraft:purple_dye":1,"minecraft:crimson_nylium":40,"minecraft:crimson_fungus":1,"minecraft:cobblestone":68,"minecraft:potion":3,"minecraft:azalea_leaves":25,"minecraft:white_banner":11,"minecraft:bucket":1,"minecraft:lapis_block":382,"minecraft:chain_command_block":362,"minecraft:pink_shulker_box":2,"minecraft:glass_pane":2,"minecraft:magenta_glazed_terracotta":2203,"minecraft:repeating_command_block":50,"minecraft:end_portal_frame":24,"minecraft:sea_pickle":7,"minecraft:stripped_oak_log":8,"minecraft:smooth_stone":22,"minecraft:jukebox":1,"minecraft:pillager_spawn_egg":18,"minecraft:soul_torch":9},"minecraft:mined":{"minecraft:iron_block":1,"minecraft:slime_block":1,"minecraft:tinted_glass":8,"minecraft:lapis_block":5,"minecraft:magenta_glazed_terracotta":1,"minecraft:smooth_quartz":8,"minecraft:emerald_block":3,"minecraft:glow_lichen":1,"minecraft:light_blue_glazed_terracotta":1,"minecraft:white_stained_glass":4,"minecraft:diamond_block":2,"minecraft:gold_block":5,"minecraft:stone":189},"minecraft:custom":{"minecraft:interact_with_crafting_table":2,"minecraft:open_barrel":1,"minecraft:open_shulker_box":150,"minecraft:bell_ring":51,"minecraft:eat_cake_slice":75,"minecraft:leave_game":44,"minecraft:time_since_death":99,"minecraft:sprint_one_cm":3161850,"minecraft:drop":730,"minecraft:play_time":5163045,"minecraft:deaths":314,"minecraft:jump":24758,"minecraft:walk_on_water_one_cm":38927,"minecraft:interact_with_furnace":9,"minecraft:damage_dealt":4349,"minecraft:crouch_one_cm":289139,"minecraft:inspect_dispenser":2,"minecraft:mob_kills":21,"minecraft:interact_with_anvil":8,"minecraft:climb_one_cm":82571,"minecraft:walk_one_cm":4843701,"minecraft:target_hit":229,"minecraft:sneak_time":160826,"minecraft:walk_under_water_one_cm":75219,"minecraft:interact_with_lectern":26,"minecraft:total_world_time":7058160,"minecraft:tune_noteblock":25,"minecraft:pot_flower":2,"minecraft:time_since_rest":124,"minecraft:damage_taken":75350,"minecraft:minecart_one_cm":705,"minecraft:swim_one_cm":6859,"minecraft:fly_one_cm":19469033,"minecraft:open_chest":332,"minecraft:fall_one_cm":873683},"minecraft:dropped":{"minecraft:crimson_nylium":1,"minecraft:acacia_boat":3,"minecraft:repeating_command_block":14,"minecraft:soul_sand":3,"minecraft:piston":4,"minecraft:moss_block":1,"minecraft:oak_pressure_plate":2,"minecraft:quartz_pillar":1,"minecraft:bedrock":7,"minecraft:carrot_on_a_stick":8,"minecraft:gold_block":9,"minecraft:emerald":524,"minecraft:dirt":4,"minecraft:grass":2,"minecraft:deepslate_gold_ore":5,"minecraft:stone_button":7,"minecraft:snowball":182,"minecraft:bone_meal":1,"minecraft:iron_pickaxe":1,"minecraft:red_glazed_terracotta":1,"minecraft:emerald_block":69,"minecraft:ancient_debris":3,"minecraft:diamond_block":5,"minecraft:lever":2,"minecraft:tinted_glass":4,"minecraft:obsidian":2,"minecraft:soul_lantern":1,"minecraft:deepslate_emerald_ore":2,"minecraft:warped_planks":1,"minecraft:blue_stained_glass":2,"minecraft:rabbit_foot":1,"minecraft:oak_fence_gate":2,"minecraft:sea_lantern":5,"minecraft:red_candle":2,"minecraft:deepslate_copper_ore":1,"minecraft:heavy_weighted_pressure_plate":1,"minecraft:honey_block":2,"minecraft:glowstone":1,"minecraft:azalea":1,"minecraft:ladder":2,"minecraft:chest":2,"minecraft:glass":48,"minecraft:podzol":1,"minecraft:chain_command_block":54,"minecraft:written_book":1,"minecraft:netherrack":1,"minecraft:water_bucket":1,"minecraft:blue_stained_glass_pane":1,"minecraft:wheat_seeds":2,"minecraft:lilac":4,"minecraft:deepslate_iron_ore":4,"minecraft:deepslate_diamond_ore":5,"minecraft:oak_fence":2,"minecraft:barrier":2,"minecraft:cobblestone":171,"minecraft:amethyst_block":1,"minecraft:command_block":34,"minecraft:grass_block":27,"minecraft:lava_bucket":1,"minecraft:cobweb":2,"minecraft:iron_block":4,"minecraft:nether_gold_ore":1,"minecraft:iron_trapdoor":1,"minecraft:repeater":2,"minecraft:light_blue_wool":1,"minecraft:white_concrete":1,"minecraft:smooth_quartz":36,"minecraft:iron_door":64,"minecraft:light_gray_stained_glass":2,"minecraft:fire_charge":1,"minecraft:smooth_quartz_slab":10,"minecraft:magenta_glazed_terracotta":9,"minecraft:blue_glazed_terracotta":1,"minecraft:paper":193,"minecraft:string":1,"minecraft:lapis_block":134,"minecraft:redstone_block":2,"minecraft:redstone":18,"minecraft:red_concrete":5,"minecraft:blue_terracotta":1,"minecraft:anvil":5,"minecraft:moss_carpet":2,"minecraft:zombie_spawn_egg":1,"minecraft:oak_trapdoor":2,"minecraft:light_blue_glazed_terracotta":9,"minecraft:player_head":6,"minecraft:lime_concrete":3,"minecraft:sticky_piston":5,"minecraft:sculk_sensor":1,"minecraft:blue_concrete":1,"minecraft:comparator":2,"minecraft:slime_block":68,"minecraft:debug_stick":1,"minecraft:light_blue_concrete":1,"minecraft:oak_sign":24,"minecraft:shulker_box":1,"minecraft:hay_block":1,"minecraft:stone":13,"minecraft:oak_button":1,"minecraft:peony":1,"minecraft:netherite_block":8,"minecraft:cake":2,"minecraft:quartz_stairs":4,"minecraft:oak_sapling":1,"minecraft:stone_pressure_plate":34,"minecraft:stone_bricks":1,"minecraft:bow":1,"minecraft:nether_quartz_ore":8,"minecraft:calcite":1,"minecraft:white_stained_glass":1},"minecraft:picked_up":{"minecraft:redstone_block":5,"minecraft:anvil":4,"minecraft:blue_concrete":1,"minecraft:lapis_block":6,"minecraft:red_candle":1,"minecraft:sticky_piston":1,"minecraft:oak_sign":11,"minecraft:comparator":1,"minecraft:redstone_torch":1,"minecraft:azalea":2,"minecraft:smooth_quartz":12,"minecraft:deepslate_iron_ore":1,"minecraft:big_dripleaf":8,"minecraft:torch":2,"minecraft:pointed_dripstone":8,"minecraft:warped_planks":1,"minecraft:blue_stained_glass":1,"minecraft:nether_gold_ore":1,"minecraft:command_block":11,"minecraft:iron_block":1,"minecraft:snowball":183,"minecraft:cobblestone":174,"minecraft:lilac":3,"minecraft:repeater":1,"minecraft:iron_door":4,"minecraft:acacia_boat":1,"minecraft:dirt":2,"minecraft:lantern":3,"minecraft:glass":45,"minecraft:bow":1,"minecraft:wheat_seeds":2,"minecraft:bell":1,"minecraft:glow_lichen":2,"minecraft:oak_pressure_plate":2,"minecraft:grass_block":10,"minecraft:diamond_block":3,"minecraft:netherite_block":1,"minecraft:blue_terracotta":1,"minecraft:slime_block":67,"minecraft:lever":2,"minecraft:deepslate_gold_ore":1,"minecraft:emerald":196,"minecraft:magenta_glazed_terracotta":3,"minecraft:gold_block":6,"minecraft:heavy_weighted_pressure_plate":1,"minecraft:white_stained_glass":4,"minecraft:deepslate_diamond_ore":2,"minecraft:chest":1,"minecraft:tinted_glass":9,"minecraft:quartz_stairs":2,"minecraft:piston":1,"minecraft:stone":5,"minecraft:stone_button":7,"minecraft:quartz_pillar":1,"minecraft:cake":1,"minecraft:redstone":26,"minecraft:stone_pressure_plate":49,"minecraft:repeating_command_block":2,"minecraft:gold_ingot":1,"minecraft:glow_berries":1,"minecraft:carrot_on_a_stick":4,"minecraft:bedrock":1,"minecraft:paper":2,"minecraft:white_banner":2,"minecraft:podzol":1,"minecraft:scaffolding":1,"minecraft:chain_command_block":3,"minecraft:nether_quartz_ore":2,"minecraft:emerald_block":4,"minecraft:light_blue_glazed_terracotta":1,"minecraft:lava_bucket":1,"minecraft:sculk_sensor":1,"minecraft:oak_button":2,"minecraft:smooth_quartz_slab":5},"minecraft:killed":{"minecraft:axolotl":2,"minecraft:pig":2,"minecraft:pillager":16}},"DataVersion":2865}