{"stats":{"minecraft:picked_up":{"minecraft:polished_diorite":1,"minecraft:redstone":1},"minecraft:used":{"minecraft:creeper_spawn_egg":1,"minecraft:oak_trapdoor":1,"minecraft:oak_fence":44,"minecraft:oak_door":3,"minecraft:water_bucket":1,"minecraft:birch_leaves":1,"minecraft:dispenser":22,"minecraft:redstone":5,"minecraft:birch_sign":1,"minecraft:trapped_chest":1,"minecraft:chest":1,"minecraft:dark_oak_leaves":1,"minecraft:oak_pressure_plate":1,"minecraft:redstone_block":1,"minecraft:polished_diorite":165},"minecraft:custom":{"minecraft:time_since_rest":18443,"minecraft:open_chest":1,"minecraft:play_time":18443,"minecraft:walk_one_cm":33718,"minecraft:sneak_time":23,"minecraft:trigger_trapped_chest":2,"minecraft:drop":1,"minecraft:jump":36,"minecraft:leave_game":4,"minecraft:walk_on_water_one_cm":96,"minecraft:time_since_death":18443,"minecraft:total_world_time":44804,"minecraft:inspect_dispenser":18,"minecraft:fall_one_cm":3243,"minecraft:fly_one_cm":14598},"minecraft:dropped":{"minecraft:redstone":1}},"DataVersion":2975}