{"stats":{"minecraft:dropped":{"minecraft:acacia_planks":5},"minecraft:killed":{"minecraft:chicken":1},"minecraft:custom":{"minecraft:time_since_rest":27780,"minecraft:sprint_one_cm":37049,"minecraft:damage_taken":100,"minecraft:walk_one_cm":85840,"minecraft:mob_kills":1,"minecraft:drop":5,"minecraft:damage_dealt":140,"minecraft:interact_with_crafting_table":1,"minecraft:fly_one_cm":32628,"minecraft:crouch_one_cm":444,"minecraft:play_time":27780,"minecraft:sneak_time":103,"minecraft:jump":416,"minecraft:leave_game":20,"minecraft:time_since_death":27780,"minecraft:total_world_time":90029,"minecraft:fall_one_cm":8018},"minecraft:used":{"minecraft:acacia_log":2,"minecraft:dirt":23,"minecraft:crafting_table":5,"minecraft:egg":1,"minecraft:acacia_planks":1},"minecraft:crafted":{"minecraft:crafting_table":1,"minecraft:acacia_planks":12},"minecraft:mined":{"minecraft:acacia_leaves":5,"minecraft:dandelion":5,"minecraft:crafting_table":5,"minecraft:grass":148,"minecraft:acacia_log":15,"minecraft:grass_block":29,"minecraft:oak_log":3,"minecraft:poppy":2,"minecraft:dirt":21,"minecraft:tall_grass":14,"minecraft:acacia_planks":1,"minecraft:oak_leaves":4},"minecraft:picked_up":{"minecraft:crafting_table":5,"minecraft:feather":2,"minecraft:chicken":1,"minecraft:dandelion":5,"minecraft:acacia_log":13,"minecraft:oak_log":2,"minecraft:dirt":47,"minecraft:acacia_planks":6,"minecraft:wheat_seeds":18,"minecraft:poppy":2,"minecraft:egg":1}},"DataVersion":2975}