{"stats":{"minecraft:killed":{"minecraft:skeleton":1},"minecraft:used":{"minecraft:shroomlight":26,"minecraft:oak_door":6,"minecraft:oxidized_cut_copper":1,"minecraft:diamond_block":74,"minecraft:sand":10,"minecraft:skeleton_spawn_egg":5,"minecraft:copper_block":50,"minecraft:chest":8,"minecraft:tinted_glass":13,"minecraft:zombie_spawn_egg":3,"minecraft:zombified_piglin_spawn_egg":3,"minecraft:iron_door":1,"minecraft:turtle_egg":2},"minecraft:custom":{"minecraft:time_since_rest":19551,"minecraft:open_chest":12,"minecraft:sprint_one_cm":59,"minecraft:play_time":19551,"minecraft:sneak_time":3,"minecraft:walk_one_cm":32808,"minecraft:mob_kills":1,"minecraft:jump":30,"minecraft:damage_dealt":281,"minecraft:leave_game":2,"minecraft:time_since_death":19551,"minecraft:total_world_time":20914,"minecraft:fly_one_cm":11152},"minecraft:picked_up":{"minecraft:wooden_sword":1,"minecraft:bone":2,"minecraft:oak_door":1}},"DataVersion":2975}