{"stats":{"minecraft:dropped":{"minecraft:acacia_wood":2},"minecraft:crafted":{"minecraft:warped_planks":4,"minecraft:crafting_table":1},"minecraft:custom":{"minecraft:time_since_rest":8730,"minecraft:sprint_one_cm":2549,"minecraft:play_time":8730,"minecraft:walk_one_cm":24397,"minecraft:sneak_time":3,"minecraft:drop":1,"minecraft:jump":25,"minecraft:leave_game":1,"minecraft:time_since_death":8730,"minecraft:total_world_time":17221,"minecraft:interact_with_crafting_table":1,"minecraft:fly_one_cm":7249},"minecraft:used":{"minecraft:crimson_stem":2,"minecraft:oak_log":2,"minecraft:stripped_crimson_stem":2,"minecraft:stripped_acacia_wood":2,"minecraft:stripped_warped_hyphae":2,"minecraft:jungle_wood":2,"minecraft:warped_stem":2,"minecraft:stripped_dark_oak_wood":2,"minecraft:stripped_crimson_hyphae":2,"minecraft:stripped_dark_oak_log":2,"minecraft:acacia_log":2,"minecraft:dark_oak_log":2,"minecraft:stripped_jungle_log":2,"minecraft:stripped_acacia_log":2,"minecraft:crafting_table":2,"minecraft:warped_hyphae":2,"minecraft:spruce_wood":2,"minecraft:stripped_birch_log":2,"minecraft:stripped_oak_wood":2,"minecraft:crimson_hyphae":2,"minecraft:birch_wood":2,"minecraft:birch_log":2,"minecraft:jungle_log":2,"minecraft:acacia_wood":2,"minecraft:stripped_warped_stem":2,"minecraft:oak_wood":3,"minecraft:dark_oak_wood":3,"minecraft:stripped_oak_log":2,"minecraft:stripped_jungle_wood":2,"minecraft:spruce_log":2,"minecraft:stripped_spruce_log":2,"minecraft:stripped_birch_wood":2,"minecraft:stripped_spruce_wood":2}},"DataVersion":2975}