{
  "parent": "world_adv:stories/second_world_start",
  "display": {
    "icon": {
	  "item": "minecraft:writable_book",
	  "nbt": "{pages:[\"勿忘国耻，振兴中华！\",\"Don't Forget National Shame and Revitalize China\"]}"
	},
	"title": "数学天才！",
	"description": "这题作者可是想了一个小时才做出来的呢！",
	"frame": "challenge",
    "show_toast": true,
    "announce_to_chat": false,
    "hidden": true
  },
  "criteria": {
    "HELLOW_WORLD": {
      "trigger": "minecraft:impossible"
    }
  },"rewards":{
  	"experience":0
  }
}
