{
  "display": {
    "icon": {
      "item": "minecraft:end_portal_frame"
    },
    "title": {
      "translate": "开端"
    },
    "description": {
      "translate": "一切的开始"
    },
    "frame": "task",
    "show_toast": true,
    "announce_to_chat": true,
    "hidden": false,
    "background": "minecraft:textures/block/ice.png"
  },
  "criteria": {
    "into_the_portal": {
      "trigger": "minecraft:enter_block",
      "conditions": {
        "block": "minecraft:pink_stained_glass_pane",
      	"player": {
      		"location": {
      			"position":{
      				"x": {
      					"min": -6,
      					"max": -2
      				},
      				"y": {
      					"min": 2,
      					"max": 6
      				},
     	 			  "z": {
      					"min": -15,
      					"max": -13
      				}      				
      			}
      		}
      	}
      }
    }
  },
  "rewards":{
  	"function": "world_first_level:goto_second_part"
  }
}