{"stats":{"minecraft:custom":{"minecraft:time_since_rest":5787,"minecraft:damage_taken":500,"minecraft:play_time":13828,"minecraft:sprint_one_cm":9768,"minecraft:deaths":1,"minecraft:walk_one_cm":26324,"minecraft:walk_under_water_one_cm":252,"minecraft:mob_kills":1,"minecraft:jump":114,"minecraft:damage_dealt":29,"minecraft:leave_game":9,"minecraft:time_since_death":5667,"minecraft:walk_on_water_one_cm":1150,"minecraft:total_world_time":45250,"minecraft:interact_with_crafting_table":2,"minecraft:fall_one_cm":418,"minecraft:fly_one_cm":17504},"minecraft:killed_by":{"minecraft:skeleton":1},"minecraft:used":{"minecraft:crimson_stem":1,"minecraft:oak_log":1,"minecraft:warped_stem":1,"minecraft:acacia_log":1,"minecraft:dark_oak_log":1,"minecraft:crafting_table":2,"minecraft:stone_pickaxe":3,"minecraft:birch_log":1,"minecraft:jungle_log":1,"minecraft:wooden_pickaxe":5,"minecraft:stripped_oak_log":1,"minecraft:spruce_log":1},"minecraft:mined":{"minecraft:grass":16,"minecraft:grass_block":15,"minecraft:oak_log":3,"minecraft:dirt":8,"minecraft:stone":5,"minecraft:crafting_table":2},"minecraft:crafted":{"minecraft:oak_planks":12,"minecraft:crafting_table":1,"minecraft:stick":4,"minecraft:stone_pickaxe":1,"minecraft:wooden_pickaxe":1},"minecraft:picked_up":{"minecraft:crafting_table":2,"minecraft:rotten_flesh":2,"minecraft:wheat_seeds":1,"minecraft:oak_log":3,"minecraft:dirt":14,"minecraft:cobblestone":5}},"DataVersion":2975}