{"stats":{"minecraft:custom":{"minecraft:jump":13,"minecraft:time_since_rest":1170,"minecraft:damage_dealt":10,"minecraft:leave_game":1,"minecraft:sprint_one_cm":1189,"minecraft:play_time":1170,"minecraft:time_since_death":1170,"minecraft:walk_one_cm":3978,"minecraft:total_world_time":4199,"minecraft:fly_one_cm":276},"minecraft:picked_up":{"minecraft:wheat_seeds":1,"minecraft:acacia_log":2,"minecraft:dirt":1},"minecraft:mined":{"minecraft:grass":2,"minecraft:acacia_log":2,"minecraft:grass_block":1},"minecraft:used":{"minecraft:dirt":1}},"DataVersion":2975}