{
  "type": "minecraft:moreworldtype",
  "generator": {
    "type": "minecraft:flat",
    "settings": {
      "lakes": false,
      "feature": false,
      "biome": "minecraft:plains",
      "structures": {
        "stronghold": {
          "distance": 10000 ,
          "count": 128 ,
          "spread": 6
        },
        "structures": {
        }
      },
      "layers": [        
        {
          "height": 64,
          "block": "minecraft:air"
        },
	      {
          "height": 1,
          "block": "minecraft:bedrock"
        },
        {
          "height": 59,
          "block": "minecraft:stone"
        },
        {
          "height": 3,
          "block": "minecraft:dirt"
        },
        {
          "height": 1,
          "block": "minecraft:grass_block"
        }
      ]
    }
  }
}