{"stats":{"minecraft:used":{"minecraft:redstone_torch":5,"minecraft:wooden_sword":7,"minecraft:white_carpet":1,"minecraft:redstone":2,"minecraft:trapped_chest":15,"minecraft:chest":3},"minecraft:killed_by":{"minecraft:creeper":1},"minecraft:killed":{"minecraft:magma_cube":5},"minecraft:custom":{"minecraft:open_chest":23,"minecraft:time_since_rest":14034,"minecraft:crouch_one_cm":227,"minecraft:deaths":1,"minecraft:sprint_one_cm":11689,"minecraft:play_time":14586,"minecraft:damage_taken":390,"minecraft:walk_one_cm":39608,"minecraft:sneak_time":79,"minecraft:trigger_trapped_chest":47,"minecraft:mob_kills":5,"minecraft:jump":118,"minecraft:damage_dealt":90,"minecraft:leave_game":8,"minecraft:time_since_death":14012,"minecraft:total_world_time":81672,"minecraft:fly_one_cm":8544},"minecraft:mined":{"minecraft:glass":7},"minecraft:picked_up":{"minecraft:white_carpet":1}},"DataVersion":2975}