{"stats":{"minecraft:used":{"minecraft:spider_spawn_egg":7,"minecraft:slime_spawn_egg":5,"minecraft:magma_cube_spawn_egg":1,"minecraft:bedrock":381,"minecraft:netherite_sword":49,"minecraft:torch":25,"minecraft:skeleton_spawn_egg":1,"minecraft:white_carpet":23,"minecraft:wolf_spawn_egg":6,"minecraft:zombie_villager_spawn_egg":1,"minecraft:white_bed":2,"minecraft:glass_pane":29,"minecraft:chest":8,"minecraft:zombie_spawn_egg":3,"minecraft:zombified_piglin_spawn_egg":2,"minecraft:piglin_brute_spawn_egg":1,"minecraft:creeper_spawn_egg":6,"minecraft:glass":78},"minecraft:picked_up":{"minecraft:bone":2,"minecraft:rotten_flesh":5,"minecraft:slime_ball":11,"minecraft:gunpowder":1,"minecraft:spider_eye":2,"minecraft:string":3},"minecraft:killed":{"minecraft:skeleton":1,"minecraft:spider":3,"minecraft:magma_cube":1,"minecraft:wolf":1,"minecraft:zombified_piglin":1,"minecraft:piglin_brute":1,"minecraft:slime":16,"minecraft:creeper":1},"minecraft:custom":{"minecraft:time_since_rest":31815,"minecraft:open_chest":13,"minecraft:crouch_one_cm":163,"minecraft:play_time":31815,"minecraft:walk_one_cm":66505,"minecraft:sneak_time":26,"minecraft:mob_kills":25,"minecraft:jump":44,"minecraft:damage_dealt":2167,"minecraft:leave_game":3,"minecraft:time_since_death":31815,"minecraft:total_world_time":31989,"minecraft:fly_one_cm":44690}},"DataVersion":2975}